"Rank","Player","Team","Positions","Overall","Best","Worst","Avg","Std Dev","ADP","vs. ADP"
"1","Ronald Acuna Jr.","ATL","RF","1","1","1","1.0","0.0","1.0","-"
"2","Bobby Witt Jr.","KC","SS","2","2","8","2.8","1.2","4.0","+2.0"
"3","Julio Rodriguez","SEA","CF","3","2","8","3.0","0.6","2.0","-1.0"
"4","Mookie Betts","LAD","2B,SS,RF","4","2","9","4.6","1.1","3.0","-1.0"
"5","Corbin Carroll","ARI","LF,CF,RF","5","2","20","5.9","2.1","5.0","-"
"6","Kyle Tucker","HOU","RF","6","2","9","6.1","0.7","6.0","-"
"7","Fernando Tatis Jr.","SD","RF","7","2","15","7.3","2.0","9.0","+2.0"
"8","Freddie Freeman","LAD","1B","8","3","17","8.4","1.5","7.0","-1.0"
"9","Juan Soto","NYY","LF","9","4","18","8.8","1.3","8.0","-1.0"
"10","Shohei Ohtani","LAD","DH","11","8","12","10.0","0.3","15.0","+4.0"
"11","Aaron Judge","NYY","CF,RF","12","3","37","10.8","2.6","10.0","-2.0"
"12","Trea Turner","PHI","SS","13","6","25","13.2","3.4","12.0","-1.0"
"13","Matt Olson","ATL","1B","14","7","16","13.5","1.4","13.0","-1.0"
"14","Yordan Alvarez","HOU","LF","15","11","22","13.8","2.1","16.0","+1.0"
"15","Jose Ramirez","CLE","3B","16","11","19","13.9","2.0","14.0","-2.0"
"16","Bryce Harper","PHI","1B","17","10","23","16.1","2.4","18.0","+1.0"
"17","Austin Riley","ATL","3B","18","12","20","16.6","1.0","19.0","+1.0"
"18","Rafael Devers","BOS","3B","19","16","25","19.0","1.6","21.0","+2.0"
"19","Ozzie Albies","ATL","2B","21","14","29","20.4","3.2","22.0","+1.0"
"20","Francisco Lindor","NYM","SS","22","15","33","21.3","3.2","24.0","+2.0"
"21","Pete Alonso","NYM","1B","24","13","34","22.1","2.2","23.0","-1.0"
"22","Marcus Semien","TEX","2B","25","13","29","22.2","2.9","25.0","-"
"23","Corey Seager","TEX","SS","27","14","35","24.2","4.5","26.0","-1.0"
"24","Luis Robert Jr.","CWS","CF","26","15","31","24.7","2.7","30.0","+4.0"
"25","Vladimir Guerrero Jr.","TOR","1B","28","14","36","24.7","3.8","27.0","-1.0"
"26","Michael Harris II","ATL","CF","29","14","31","25.4","2.5","34.0","+5.0"
"27","Gunnar Henderson","BAL","3B,SS","30","19","37","27.6","3.4","31.0","+1.0"
"28","Bo Bichette","TOR","SS","32","19","52","28.8","4.6","37.0","+5.0"
"29","Jose Altuve","HOU","2B","34","21","40","29.5","2.9","36.0","+2.0"
"30","Randy Arozarena","TB","LF","38","21","41","29.9","2.6","42.0","+4.0"
"31","Elly De La Cruz","CIN","3B,SS","37","16","58","30.0","7.6","29.0","-8.0"
"32","Adolis Garcia","TEX","CF,RF","39","24","46","31.2","2.9","40.0","+1.0"
"33","Manny Machado","SD","3B","46","27","53","36.3","4.5","50.0","+4.0"
"34","CJ Abrams","WSH","SS","42","15","57","36.5","8.1","45.0","+3.0"
"35","Mike Trout","LAA","CF","49","25","51","38.1","5.0","56.0","+7.0"
"36","Royce Lewis","MIN","3B","51","30","50","38.7","5.3","55.0","+4.0"
"37","Cody Bellinger","CHC","1B,CF","52","26","59","38.8","4.3","52.0","-"
"38","Paul Goldschmidt","STL","1B","54","31","54","39.3","4.3","59.0","+5.0"
"39","Nolan Jones","COL","1B,LF,RF","53","28","61","39.5","5.6","51.0","-2.0"
"40","Adley Rutschman","BAL","C","55","32","62","41.4","7.1","44.0","-11.0"
"41","Jazz Chisholm Jr.","MIA","CF","59","22","71","42.4","5.4","66.0","+7.0"
"42","Christian Yelich","MIL","LF","60","30","50","42.8","3.7","73.0","+13.0"
"43","Matt McLain","CIN","2B,SS","62","36","65","44.5","7.5","64.0","+2.0"
"44","Nico Hoerner","CHC","2B,SS","65","28","83","46.3","9.6","62.0","-3.0"
"45","Oneil Cruz","PIT","SS","66","31","81","47.6","10.4","67.0","+1.0"
"46","Kyle Schwarber","PHI","LF","74","29","76","49.3","8.1","61.0","-13.0"
"47","Gleyber Torres","NYY","2B","73","30","75","49.5","7.8","83.0","+10.0"
"48","Alex Bregman","HOU","3B","72","34","72","49.7","6.5","72.0","-"
"49","Bryan Reynolds","PIT","LF,CF","76","30","69","51.2","6.7","75.0","-1.0"
"50","J.T. Realmuto","PHI","C","71","37","72","51.2","7.9","74.0","+3.0"
"51","Christian Walker","ARI","1B","75","24","63","51.2","6.1","76.0","+1.0"
"52","Triston Casas","BOS","1B","80","36","77","54.0","8.9","91.0","+11.0"
"53","Nolan Arenado","STL","3B","83","41","96","54.8","5.6","81.0","-2.0"
"54","Will Smith","LAD","C","82","42","454","54.8","8.2","77.0","-5.0"
"55","Josh Lowe","TB","CF,RF","81","30","90","55.4","12.7","79.0","-2.0"
"56","William Contreras","MIL","C","86","32","98","56.8","11.3","86.0","-"
"57","Xander Bogaerts","SD","SS","89","40","89","58.9","9.5","92.0","+3.0"
"58","Ha-Seong Kim","SD","2B,3B,SS","88","43","118","60.3","15.4","82.0","-6.0"
"59","Seiya Suzuki","CHC","RF","92","40","86","62.0","9.8","105.0","+13.0"
"60","Nick Castellanos","PHI","RF","95","46","117","62.3","11.7","99.0","+4.0"
"61","Ketel Marte","ARI","2B","97","39","94","62.9","7.9","103.0","+6.0"
"62","Spencer Torkelson","DET","1B","99","56","83","65.1","6.4","101.0","+2.0"
"63","George Springer","TOR","RF","100","42","85","65.3","6.5","100.0","-"
"64","Dansby Swanson","CHC","SS","103","50","101","67.1","9.8","115.0","+12.0"
"65","Lane Thomas","WSH","CF,RF","107","49","151","69.7","12.1","110.0","+3.0"
"66","Bryson Stott","PHI","2B","106","38","111","69.8","10.4","108.0","+2.0"
"67","Josh Jung","TEX","3B","104","50","107","70.0","15.5","111.0","+7.0"
"68","Teoscar Hernandez","LAD","RF","115","48","102","72.1","11.2","109.0","-6.0"
"69","Andres Gimenez","CLE","2B","111","46","120","72.3","12.8","117.0","+6.0"
"70","Josh Naylor","CLE","1B","114","53","125","73.1","8.8","126.0","+12.0"
"71","Evan Carter","TEX","LF","108","43","185","73.3","14.0","102.0","-6.0"
"72","Yandy Diaz","TB","1B,3B","112","50","120","73.3","11.0","116.0","+4.0"
"73","Jordan Walker","STL","LF,RF","110","51","125","74.3","15.1","114.0","+4.0"
"74","Spencer Steer","CIN","1B,2B,3B,LF","113","33","110","74.7","15.9","95.0","-18.0"
"75","Yainer Diaz","HOU","C,1B","119","54","152","81.6","14.4","107.0","-12.0"
"76","Anthony Santander","BAL","1B,RF","125","55","196","81.7","12.8","123.0","-2.0"
"77","Marcell Ozuna","ATL","LF","123","57","116","82.6","9.3","134.0","+11.0"
"78","Zack Gelof","OAK","2B","121","54","166","83.2","10.8","139.0","+18.0"
"79","Anthony Volpe","NYY","SS","124","61","120","84.3","13.4","127.0","+3.0"
"80","Cedric Mullins II","BAL","CF","128","57","131","85.3","12.6","138.0","+10.0"
"81","Ian Happ","CHC","LF","130","33","113","86.4","12.6","158.0","+28.0"
"82","Riley Greene","DET","CF,RF","127","39","123","87.1","13.6","151.0","+24.0"
"83","TJ Friedl","CIN","LF,CF","138","56","128","89.0","15.2","148.0","+10.0"
"84","Luis Arraez","MIA","1B,2B","135","45","129","89.7","13.4","141.0","+6.0"
"85","Christian Encarnacion-Strand","CIN","1B","129","52","180","90.4","22.6","140.0","+11.0"
"86","Jorge Soler","SF","RF","141","66","130","91.7","12.4","153.0","+12.0"
"87","Vinnie Pasquantino","KC","1B","137","63","151","91.7","17.6","162.0","+25.0"
"88","Esteury Ruiz","OAK","LF,CF,RF","132","50","175","92.3","18.1","122.0","-10.0"
"89","Jackson Chourio","MIL","CF","142","57","167","94.4","22.6","136.0","-6.0"
"90","Chas McCormick","HOU","LF,CF,RF","145","59","121","94.7","14.3","155.0","+10.0"
"91","Sean Murphy","ATL","C","146","69","139","95.5","10.4","145.0","-1.0"
"92","Wyatt Langford","TEX","OF ","140","37","215","96.5","38.7","161.0","+21.0"
"93","Thairo Estrada","SF","2B,SS","149","70","195","97.2","15.2","172.0","+23.0"
"94","Salvador Perez","KC","C,1B","152","58","201","97.4","18.2","132.0","-20.0"
"95","James Outman","LAD","LF,CF","151","51","144","98.0","15.5","171.0","+20.0"
"96","Cal Raleigh","SEA","C","153","76","121","98.2","11.8","133.0","-20.0"
"97","Jake Burger","MIA","3B","155","59","129","98.4","11.9","156.0","+1.0"
"98","Masataka Yoshida","BOS","LF","156","71","149","99.0","13.1","166.0","+10.0"
"99","Willson Contreras","STL","C","162","66","172","99.7","17.1","150.0","-12.0"
"100","Jarren Duran","BOS","LF,CF","159","73","170","99.7","21.8","176.0","+17.0"
"101","Brandon Nimmo","NYM","LF,CF","163","38","131","99.8","14.7","180.0","+17.0"
"102","Max Muncy","LAD","3B","157","58","140","100.2","12.1","144.0","-13.0"
"103","Rhys Hoskins","MIL","1B","160","69","145","100.2","15.9","190.0","+30.0"
"104","Alec Bohm","PHI","1B,3B","161","64","151","100.4","15.3","152.0","-9.0"
"105","Nolan Gorman","STL","2B,3B","164","47","151","104.2","14.9","170.0","+6.0"
"106","Willy Adames","MIL","SS","168","55","167","104.5","17.9","189.0","+21.0"
"107","Ke'Bryan Hayes","PIT","3B","171","72","168","108.3","17.7","182.0","+11.0"
"108","Francisco Alvarez","NYM","C","170","64","152","109.0","15.7","169.0","-1.0"
"109","Nathaniel Lowe","TEX","1B","176","70","174","111.3","22.8","202.0","+26.0"
"110","Gabriel Moreno","ARI","C","174","82","177","111.6","20.8","163.0","-11.0"
"111","Trevor Story","BOS","SS","180","68","167","114.8","15.9","199.0","+19.0"
"112","Ezequiel Tovar","COL","SS","181","64","217","114.8","17.0","201.0","+20.0"
"113","Isaac Paredes","TB","1B,2B,3B","177","57","144","115.7","12.1","165.0","-12.0"
"114","Christopher Morel","CHC","2B,CF,RF","179","85","159","116.2","17.9","184.0","+5.0"
"115","Steven Kwan","CLE","LF","182","66","144","118.0","15.1","193.0","+11.0"
"116","Eloy Jimenez","CWS","RF","186","91","193","118.6","16.1","178.0","-8.0"
"117","Edouard Julien","MIN","2B","178","61","233","118.7","23.9","209.0","+31.0"
"118","Jonah Heim","TEX","C","189","94","164","123.1","17.8","186.0","-3.0"
"119","Jeimer Candelario","CIN","1B,3B","192","96","158","123.5","12.4","208.0","+16.0"
"120","Kerry Carpenter","DET","LF,RF","191","91","161","123.9","10.8","198.0","+7.0"
"121","Tyler O'Neill","BOS","LF,CF","198","65","160","125.4","18.3","224.0","+26.0"
"122","Byron Buxton","MIN","OF","193","80","148","126.2","13.3","226.0","+33.0"
"123","Lars Nootbaar","STL","LF,CF,RF","196","55","177","126.7","22.2","214.0","+18.0"
"124","J.D. Martinez","","LF ","195","90","200","127.0","22.0","241.0","+46.0"
"125","Logan O'Hoppe","LAA","C","197","81","190","129.1","27.2","218.0","+21.0"
"126","Lourdes Gurriel Jr.","ARI","LF","201","94","178","129.8","11.7","219.0","+18.0"
"127","Daulton Varsho","TOR","LF,CF","212","73","181","132.3","23.1","216.0","+4.0"
"128","Andrew Vaughn","CWS","1B","204","98","236","133.0","15.2","246.0","+42.0"
"129","Tommy Edman","STL","2B,SS,CF,RF","215","75","214","133.7","33.0","183.0","-32.0"
"130","Jeremy Pena","HOU","SS","207","91","191","133.7","14.0","227.0","+20.0"
"131","Ryan Mountcastle","BAL","1B","205","88","161","133.7","16.8","240.0","+35.0"
"132","Carlos Correa","MIN","SS","210","107","168","134.0","14.8","205.0","-5.0"
"133","Jackson Holliday","BAL","SS ","199","67","232","134.2","35.1","174.0","-25.0"
"134","Taylor Ward","LAA","LF","220","57","187","134.7","16.3","237.0","+17.0"
"135","Jack Suwinski","PIT","LF,CF,RF","209","64","170","134.8","18.6","244.0","+35.0"
"136","Starling Marte","NYM","RF","216","94","189","135.5","16.2","215.0","-1.0"
"137","Brandon Drury","LAA","1B,2B","217","89","193","136.2","17.3","233.0","+16.0"
"138","Jonathan India","CIN","2B","213","82","175","136.5","20.5","252.0","+39.0"
"139","Matt Chapman","SF","3B","222","99","169","137.1","15.8","269.0","+47.0"
"140","Jarred Kelenic","ATL","LF,CF,RF","214","110","202","137.6","16.5","223.0","+9.0"
"141","Mitch Garver","SEA","C","208","86","216","137.7","19.9","204.0","-4.0"
"142","Jorge Polanco","SEA","2B,3B","219","95","192","137.8","16.9","239.0","+20.0"
"143","Keibert Ruiz","WSH","C","218","90","199","138.2","22.2","210.0","-8.0"
"144","Bo Naylor","CLE","C","221","91","229","139.6","22.7","222.0","+1.0"
"145","Jung Hoo Lee","SF","OF","225","91","189","143.4","24.7","235.0","+10.0"
"146","Ryan McMahon","COL","2B,3B","229","98","182","145.3","16.8","230.0","+1.0"
"147","Justin Turner","TOR","1B,2B,3B","231","90","238","148.1","23.9","212.0","-19.0"
"148","Brandon Lowe","TB","2B","230","100","181","148.2","18.3","268.0","+38.0"
"149","Josh Bell","MIA","1B","236","121","195","149.9","15.1","323.0","+87.0"
"150","Anthony Rizzo","NYY","1B","232","103","187","150.7","17.0","259.0","+27.0"
"151","Maikel Garcia","KC","3B,SS","235","100","268","150.8","30.9","251.0","+16.0"
"152","Jose Abreu","HOU","1B","237","86","200","151.0","15.5","282.0","+45.0"
"153","Max Kepler","MIN","RF","238","108","194","153.2","14.4","260.0","+22.0"
"154","Eugenio Suarez","ARI","3B","239","111","191","153.9","17.3","258.0","+19.0"
"155","J.P. Crawford","SEA","SS","240","122","213","154.9","19.5","217.0","-23.0"
"156","Kris Bryant","COL","1B,RF","247","121","261","164.0","25.4","250.0","+3.0"
"157","Giancarlo Stanton","NYY","RF","242","91","213","164.3","17.3","228.0","-14.0"
"158","Sal Frelick","MIL","CF,RF","243","91","192","164.5","17.8","279.0","+36.0"
"159","Jose Siri","TB","CF","245","103","241","166.2","20.9","332.0","+87.0"
"160","Luis Campusano","SD","C","254","87","212","159.2","26.9","264.0","+10.0"
"161","Luis Rengifo","LAA","2B,3B,SS,RF","246","127","197","162.4","14.3","289.0","+43.0"
"162","Austin Hays","BAL","LF,CF","265","127","220","171.6","19.8","311.0","+46.0"
"163","Alex Verdugo","NYY","RF","264","131","212","172.4","17.5","266.0","+2.0"
"164","Leody Taveras","TEX","CF","257","114","220","172.6","20.7","316.0","+59.0"
"165","Bryan De La Cruz","MIA","LF,RF","256","123","259","175.2","26.1","281.0","+25.0"
"166","Zach Neto","LAA","SS","253","109","260","166.3","27.9","302.0","+49.0"
"167","Jake Fraley","CIN","LF,RF","252","139","213","171.0","18.2","328.0","+76.0"
"168","Henry Davis","PIT","RF","266","88","222","173.7","26.9","291.0","+25.0"
"169","Ty France","SEA","1B","272","139","252","175.3","22.6","315.0","+43.0"
"170","MJ Melendez","KC","C,LF,RF","268","111","219","166.3","23.9","271.0","+3.0"
"171","Junior Caminero","TB","3B ","259","97","258","166.3","42.9","203.0","-56.0"
"172","Brent Rooker","OAK","LF,RF","261","115","196","166.4","16.7","267.0","+6.0"
"173","Vaughn Grissom","BOS","SS","262","85","200","156.5","22.7","262.0","-"
"174","Gavin Lux","LAD","2B","276","143","230","176.0","19.3","275.0","-1.0"
"175","Tyler Stephenson","CIN","C","271","135","214","177.0","17.5","285.0","+14.0"
"176","Whit Merrifield","PHI","2B,LF","260","155","250","185.7","21.1","257.0","-3.0"
"177","Nelson Velazquez","KC","LF,RF","273","130","239","178.7","19.4","301.0","+28.0"
"178","Parker Meadows","DET","CF","279","116","246","182.4","26.4","310.0","+31.0"
"179","Tim Anderson","MIA","SS","284","152","221","187.3","18.4","325.0","+41.0"
"180","Jeff McNeil","NYM","2B,LF,RF","285","145","221","184.6","19.4","304.0","+19.0"
"181","Noelvi Marte","CIN","3B","283","82","332","166.8","62.3","196.0","-87.0"
"182","Tommy Pham","","LF,CF,RF ","286","111","233","178.9","25.9","395.0","+109.0"
"183","Joey Meneses","WSH","1B","299","142","262","194.7","25.5","319.0","+20.0"
"184","Colt Keith","DET","2B,3B","291","143","227","177.4","22.2","288.0","-3.0"
"185","Luke Raley","SEA","1B,LF,CF,RF","298","135","258","197.2","24.0","386.0","+88.0"
"186","Brendan Donovan","STL","1B,2B,LF,RF","282","119","284","185.9","32.0","295.0","+13.0"
"187","Joc Pederson","ARI","LF","300","143","244","196.3","22.2","380.0","+80.0"
"188","Jordan Lawlar","ARI","SS ","292","126","282","198.1","42.0","335.0","+43.0"
"189","Matt Wallner","MIN","LF,RF","297","150","245","191.7","21.1","334.0","+37.0"
"190","Jordan Westburg","BAL","2B,3B","296","143","248","191.7","23.1","322.0","+26.0"
"191","Andrew Benintendi","CWS","LF","306","143","230","194.7","21.5","367.0","+61.0"
"192","Alejandro Kirk","TOR","C","302","138","272","193.5","30.2","294.0","-8.0"
"193","Will Benson","CIN","LF,RF","308","136","240","185.4","27.1","329.0","+21.0"
"194","Brett Baty","NYM","3B","317","123","263","203.4","28.2","347.0","+30.0"
"195","DJ LeMahieu","NYY","1B,2B,3B","316","151","274","203.9","26.0","287.0","-29.0"
"196","Charlie Blackmon","COL","RF","319","165","266","205.0","26.1","373.0","+54.0"
"197","Kyle Manzardo","CLE","1B ","313","141","289","206.4","38.2","403.0","+90.0"
"198","Mitch Haniger","SEA","LF,RF","312","163","238","196.9","23.5","383.0","+71.0"
"199","Ryan Jeffers","MIN","C","311","146","287","197.2","32.3","312.0","+1.0"
"200","Brandon Marsh","PHI","LF,CF","314","157","255","199.9","21.9","337.0","+23.0"
"201","Alex Kirilloff","MIN","1B,LF,RF","318","113","267","200.4","34.6","336.0","+18.0"
"202","Brendan Rodgers","COL","2B","320","157","230","193.5","19.1","441.0","+121.0"
"203","Shea Langeliers","OAK","C","322","133","242","193.9","28.3","360.0","+38.0"
"204","Jake Cronenworth","SD","1B,2B","327","161","229","196.6","19.5","309.0","-18.0"
"205","Michael Conforto","SF","LF,RF","323","164","258","210.2","21.8","406.0","+83.0"
"206","Willi Castro","MIN","2B,3B,LF,CF","331","153","220","189.4","20.4","306.0","-25.0"
"207","Orlando Arcia","ATL","SS","325","167","264","208.0","26.4","361.0","+36.0"
"208","Wilmer Flores","SF","1B,3B","328","135","237","202.0","21.8","350.0","+22.0"
"209","Danny Jansen","TOR","C","332","150","237","193.2","24.0","296.0","-36.0"
"210","Michael Busch","CHC","3B","334","131","260","210.4","29.0","388.0","+54.0"
"211","Amed Rosario","TB","2B,SS","330","157","242","201.5","21.7","375.0","+45.0"
"212","Hunter Renfroe","KC","1B,RF","339","168","248","203.5","22.7","369.0","+30.0"
"213","Alek Thomas","ARI","CF","346","169","258","204.8","23.2","443.0","+97.0"
"214","Masyn Winn","STL","SS","340","121","234","196.6","21.9","371.0","+31.0"
"215","Pete Crow-Armstrong","CHC","CF ","344","124","289","211.5","38.7","320.0","-24.0"
"216","Elias Diaz","COL","C","337","153","282","202.8","33.4","324.0","-13.0"
"217","Harrison Bader","NYM","CF","342","160","240","204.0","19.6","366.0","+24.0"
"218","Brice Turang","MIL","2B,SS","343","172","273","210.0","25.0","446.0","+103.0"
"219","Ramon Laureano","CLE","CF,RF","349","154","271","216.1","25.7","471.0","+122.0"
"220","Mark Canha","DET","1B,LF,RF","355","173","281","218.3","33.0","362.0","+7.0"
"221","Ezequiel Duran","TEX","3B,SS,LF","348","163","279","219.7","36.8","344.0","-4.0"
"222","Chris Taylor","LAD","3B,SS,LF","351","163","244","220.4","17.4","374.0","+23.0"
"223","Javier Baez","DET","SS","350","168","251","206.9","20.7","365.0","+15.0"
"224","Jake McCarthy","ARI","CF,RF","352","136","328","233.3","52.1","410.0","+58.0"
"225","Yoan Moncada","CWS","3B","363","155","238","210.6","18.0","444.0","+81.0"
"226","Brenton Doyle","COL","CF","362","171","278","219.2","30.5","465.0","+103.0"
"227","Rowdy Tellez","PIT","1B","366","182","264","232.7","20.7","466.0","+100.0"
"228","Ryan O'Hearn","BAL","1B,RF","371","193","273","225.3","20.3","409.0","+38.0"
"229","Jackson Merrill","SD","SS ","347","123","391","214.7","66.1","343.0","-4.0"
"230","Elehuris Montero","COL","1B,3B","364","181","265","230.5","22.6","417.0","+53.0"
"231","Anthony Rendon","LAA","3B","367","128","265","230.9","26.7","424.0","+57.0"
"232","Austin Wells","NYY","C","359","153","297","221.2","37.6","317.0","-42.0"
"233","Ryan Noda","OAK","1B","377","165","254","225.2","25.2","455.0","+78.0"
"234","Nolan Schanuel","LAA","1B","373","164","307","225.7","31.4","359.0","-14.0"
"235","Garrett Mitchell","MIL","CF","361","136","373","239.8","47.4","381.0","+20.0"
"236","Carlos Santana","MIN","1B","386","178","258","227.3","21.1","363.0","-23.0"
"237","LaMonte Wade Jr.","SF","1B,LF","380","164","257","228.4","14.5","453.0","+73.0"
"238","Johan Rojas","PHI","CF","375","144","282","230.9","34.5","378.0","+3.0"
"239","Ceddanne Rafaela","BOS","SS,CF","378","185","310","224.3","36.3","345.0","-33.0"
"240","Davis Schneider","TOR","2B","376","118","315","228.8","44.8","415.0","+39.0"
"241","Jesus Sanchez","MIA","LF,CF,RF","393","162","273","229.5","25.5","518.0","+125.0"
"242","Luis Garcia","WSH","2B","387","160","269","213.1","29.9","460.0","+73.0"
"243","Adam Duvall","ATL","CF,RF","411","182","272","238.5","29.6","503.0","+92.0"
"244","Michael Massey","KC","2B","409","221","277","241.4","15.3","502.0","+93.0"
"245","Heston Kjerstad","BAL","OF","388","126","355","266.4","56.3","524.0","+136.0"
"246","Jon Berti","MIA","2B,3B,SS,LF","407","182","298","242.7","37.1","408.0","+1.0"
"247","Seth Brown","OAK","1B,LF,RF","404","146","300","234.1","43.4","530.0","+126.0"
"248","Eddie Rosario","WSH","LF ","440","132","290","236.7","31.2","533.0","+93.0"
"249","Harold Ramirez","TB","LF,RF","412","196","349","264.3","48.3","433.0","+21.0"
"250","Jake Rogers","DET","C","403","172","308","235.6","36.2","400.0","-3.0"
"251","Mickey Moniak","LAA","LF,CF,RF","447","179","276","250.7","10.8","421.0","-26.0"
"252","C.J. Cron","BOS","1B ","481","201","322","266.1","36.1","562.0","+81.0"
"253","Andrew McCutchen","PIT","RF","465","181","335","253.2","47.5","432.0","-33.0"
"254","Matt Vierling","DET","3B,LF,CF,RF","464","228","281","254.1","14.6","514.0","+50.0"
"255","Wilyer Abreu","BOS","LF,CF","454","205","277","236.4","21.1","418.0","-36.0"
"256","Colton Cowser","BAL","LF,CF,RF","410","125","440","274.7","85.3","480.0","+70.0"
"257","Jose Caballero","TB","2B,SS","418","184","308","256.4","32.7","431.0","+13.0"
"258","J.D. Davis","","1B,3B ","470","208","330","259.7","33.2","504.0","+34.0"
"259","Yan Gomes","CHC","C","423","197","370","260.7","44.9","419.0","-4.0"
"260","Miguel Vargas","LAD","2B","457","200","429","292.2","65.4","535.0","+78.0"
"261","James Wood","WSH","OF ","396","143","492","297.8","114.4","387.0","-9.0"
"262","Luis Matos","SF","LF,CF,RF","445","186","319","272.1","43.3","541.0","+96.0"
"263","Liover Peguero","PIT","2B,SS","448","171","338","256.6","33.9","527.0","+79.0"
"264","Gary Sanchez","MIL","C","452","192","293","257.4","19.2","402.0","-50.0"
"265","Connor Wong","BOS","C","416","204","353","262.0","40.5","451.0","+35.0"
"266","Rene Pinto","TB","C","422","200","383","266.9","51.3","511.0","+89.0"
"267","Cavan Biggio","TOR","1B,2B,3B,RF","480","165","320","281.4","26.2","463.0","-17.0"
"268","Adalberto Mondesi","","SS ","441","155","380","293.3","71.1","637.0","+196.0"
"269","Geraldo Perdomo","ARI","2B,3B,SS","482","228","312","268.9","23.6","448.0","-34.0"
"270","Tyler Black","MIL","2B,3B ","460","151","349","283.8","44.0","501.0","+41.0"
"271","Jasson Dominguez","NYY","CF ","442","173","388","286.1","60.2","389.0","-53.0"
"272","Marco Luciano","SF","SS","504","191","300","272.9","16.6","526.0","+22.0"
"273","Mike Yastrzemski","SF","LF,CF,RF","463","170","325","255.7","44.8","477.0","+14.0"
"274","Patrick Bailey","SF","C","426","188","397","256.0","62.2","393.0","-33.0"
"275","Jesse Winker","WSH","OF ","438","159","394","290.8","71.1","827.0","+389.0"
"276","Travis d'Arnaud","ATL","C","439","216","304","262.0","25.3","346.0","-93.0"
"277","Edward Olivares","PIT","LF","472","246","279","263.9","10.2","531.0","+59.0"
"278","Joey Gallo","WSH","1B,LF,CF,RF","533","224","381","285.1","42.1","439.0","-94.0"
"279","Jonathan Aranda","TB","1B","466","183","391","303.7","58.7","578.0","+112.0"
"280","Curtis Mead","TB","3B","458","218","386","304.6","57.7","513.0","+55.0"
"281","Dylan Carlson","STL","CF,RF","553","255","334","295.6","25.5","608.0","+55.0"
"282","Jorge Mateo","BAL","SS","494","150","346","281.7","45.8","474.0","-20.0"
"283","Sean Bouchard","COL","RF","506","158","294","262.5","25.9","489.0","-17.0"
"284","Drew Waters","KC","CF,RF","478","161","328","282.9","22.7","545.0","+67.0"
"285","Victor Scott","STL","OF ","436","176","518","307.1","115.6","440.0","+4.0"
"286","Brandon Belt","","1B ","518","202","340","289.6","42.4","589.0","+71.0"
"287","JJ Bleday","OAK","LF,CF,RF","659","233","342","291.1","33.2","645.0","-14.0"
"288","Patrick Wisdom","CHC","1B,3B","511","205","321","280.8","35.9","394.0","-117.0"
"289","Hunter Goodman","COL","1B,RF ","571","216","349","282.2","44.8","534.0","-37.0"
"290","Dylan Crews","WSH","OF ","497","245","485","330.4","83.6","339.0","-158.0"
"291","Zach McKinstry","DET","2B,3B,SS,LF,RF","487","243","381","301.7","44.0","407.0","-80.0"
"292","Freddy Fermin","KC","C","492","233","355","302.9","38.0","469.0","-23.0"
"293","Nick Senzel","WSH","3B,LF,CF,RF","528","256","333","288.7","26.6","520.0","-8.0"
"294","Trent Grisham","NYY","CF","548","228","315","289.8","23.8","537.0","-11.0"
"295","Joey Ortiz","MIL","2B","501","242","364","294.2","35.5","601.0","+100.0"
"296","Tyrone Taylor","NYM","LF,CF,RF","617","233","372","309.1","34.0","612.0","-5.0"
"297","Tyler Soderstrom","OAK","C,1B","483","194","348","295.2","29.4","549.0","+66.0"
"298","Kevin Kiermaier","TOR","CF","568","242","341","298.3","29.2","490.0","-78.0"
"299","Christian Vazquez","MIN","C","547","278","322","298.8","15.5","434.0","-113.0"
"300","Michael A. Taylor","","CF ","627","238","319","299.0","23.0","611.0","-16.0"
"301","Nick Fortes","MIA","C","537","259","371","299.0","35.8","573.0","+36.0"
"302","Oswald Peraza","NYY","2B,3B,SS","521","261","398","324.6","48.3","579.0","+58.0"
"303","Jason Heyward","LAD","CF,RF","603","232","375","300.8","36.7","450.0","-153.0"
"304","Kyle Isbel","KC","CF","580","235","329","300.8","31.4","633.0","+53.0"
"305","Tom Murphy","SF","C","502","215","327","301.8","12.9","497.0","-5.0"
"306","Myles Straw","CLE","CF","661","263","364","302.8","36.5","644.0","-17.0"
"307","Ivan Herrera","STL","C","510","249","378","303.2","43.8","550.0","+40.0"
"308","Isiah Kiner-Falefa","TOR","3B,LF,CF","550","278","343","303.7","20.5","496.0","-54.0"
"309","Mauricio Dubon","HOU","2B,SS,LF,CF","509","238","336","305.5","24.2","413.0","-96.0"
"310","Brayan Rocchio","CLE","SS","621","259","359","305.7","32.1","561.0","-60.0"
"311","Stone Garrett","WSH","LF,RF","606","261","352","306.3","27.1","588.0","-18.0"
"312","Christian Bethancourt","MIA","C","520","248","358","308.7","30.8","568.0","+48.0"
"313","Akil Baddoo","DET","LF","633","222","410","324.4","46.7","690.0","+57.0"
"314","Jake Meyers","HOU","CF","635","289","352","310.5","23.6","693.0","+58.0"
"315","Estevan Florial","CLE","CF","614","205","359","310.8","37.9","665.0","+51.0"
"316","Joey Wiemer","MIL","CF,RF","567","285","341","311.5","21.5","563.0","-4.0"
"317","Josh Rojas","SEA","2B,3B","536","219","380","324.4","36.1","459.0","-77.0"
"318","Yasmani Grandal","PIT","C","586","289","372","313.3","28.4","603.0","+17.0"
"319","Mark Vientos","NYM","1B,3B","609","262","323","313.5","8.0","558.0","-51.0"
"320","Coby Mayo","BAL","3B ","512","244","556","360.0","126.7","542.0","+30.0"
"321","Gio Urshela","DET","1B,3B,SS","593","273","351","313.7","26.7","494.0","-99.0"
"322","Joshua Palacios","PIT","LF,CF,RF","715","258","377","314.7","39.1","724.0","+9.0"
"323","Oscar Gonzalez","NYY","RF ","443","178","549","358.2","133.6","873.0","+430.0"
"324","Dominic Fletcher","CWS","CF,RF","607","277","346","302.8","24.0","730.0","+123.0"
"325","Manuel Margot","MIN","CF,RF","577","263","379","331.4","40.3","674.0","+97.0"
"326","Kyle Farmer","MIN","2B,3B,SS","540","270","377","320.7","37.5","485.0","-55.0"
"327","Aaron Hicks","LAA","LF,CF,RF","759","266","378","333.3","38.4","733.0","-26.0"
"328","Ji Man Choi","NYM","1B ","534","281","501","349.8","90.4","681.0","+147.0"
"329","Mike Tauchman","CHC","CF,RF","716","244","385","334.3","30.4","626.0","-90.0"
"330","Darell Hernaiz","OAK","2B,SS","622","272","398","324.3","37.0","622.0","-"
"331","Austin Meadows","","LF ","499","226","631","399.2","153.9","912.0","+413.0"
"332","Victor Robles","WSH","CF","648","254","324","310.0","10.8","650.0","+2.0"
"333","Jared Triolo","PIT","1B,2B,3B","562","245","454","345.7","58.1","475.0","-87.0"
"334","Jo Adell","LAA","CF,RF","639","274","343","327.8","17.5","571.0","-68.0"
"335","Xavier Edwards","MIA","2B","489","167","505","363.4","86.1","636.0","+147.0"
"336","Miguel Amaya","CHC","C","541","276","386","329.8","36.0","554.0","+13.0"
"337","Paul DeJong","CWS","SS","636","301","403","331.5","34.6","605.0","-31.0"
"338","Matt Mervis","CHC","1B","490","164","457","342.8","65.9","576.0","+86.0"
"339","Luis Urias","SEA","2B,3B","686","283","347","333.0","13.6","484.0","-202.0"
"340","Kyle Higashioka","SD","C","646","310","382","334.7","23.3","517.0","-129.0"
"341","Jose Trevino","NYY","C","581","274","347","305.3","26.8","499.0","-82.0"
"342","Kike Hernandez","LAD","1B,2B,3B,SS,LF,CF","630","292","394","336.0","33.9","429.0","-201.0"
"343","Taylor Walls","TB","2B,3B,SS","559","283","383","338.3","32.2","551.0","-8.0"
"344","Connor Joe","PIT","1B,LF,RF","722","300","359","339.8","18.7","516.0","-206.0"
"345","Brooks Lee","MIN","SS ","519","204","525","370.8","115.5","597.0","+78.0"
"346","Adam Frazier","KC","2B","641","285","366","341.0","23.7","618.0","-23.0"
"347","Blake Sabol","SF","C,LF","561","289","407","343.0","42.4","553.0","-8.0"
"348","Jurickson Profar","SD","LF","675","243","400","342.2","52.2","737.0","+62.0"
"349","Victor Caratini","HOU","C","642","287","405","333.4","40.6","642.0","-"
"350","Lawrence Butler","OAK","CF","724","311","401","344.7","32.3","671.0","-53.0"
"351","Austin Slater","SF","LF,CF","856","267","515","368.8","80.8","929.0","+73.0"
"352","Randal Grichuk","ARI","LF,CF,RF","651","309","628","383.2","111.9","630.0","-21.0"
"353","Garrett Cooper","CHC","1B ","687","266","367","345.0","17.2","658.0","-29.0"
"354","Justyn-Henry Malloy","DET","3B ","683","215","579","387.8","115.2","615.0","-68.0"
"355","Will Brennan","CLE","LF,CF,RF","664","316","393","345.5","22.6","624.0","-40.0"
"356","Luis Garcia","","SS ","","213","280","246.5","33.5","",""
"357","Chase DeLauter","CLE","OF ","650","250","340","298.7","37.1","655.0","+5.0"
"358","Nicky Lopez","CWS","2B,3B,SS","640","305","426","354.3","36.8","525.0","-115.0"
"359","Colson Montgomery","CWS","SS ","578","210","436","362.0","60.4","548.0","-30.0"
"360","Dominic Canzone","SEA","LF,RF","766","305","408","352.3","35.6","653.0","-113.0"
"361","Gabriel Arias","CLE","1B,3B,SS,RF","700","340","373","350.8","10.5","506.0","-194.0"
"362","Ji Hwan Bae","PIT","2B,CF","","278","334","305.0","22.9","479.0",""
"363","Oscar Colas","CWS","CF,RF ","613","265","437","360.2","42.8","581.0","-32.0"
"364","Carson Kelly","DET","C","732","313","365","345.4","17.7","756.0","+24.0"
"365","Gavin Sheets","CWS","1B,RF","610","290","372","354.5","18.4","740.0","+130.0"
"366","Jake Bauers","MIL","1B,LF,RF","784","261","388","348.0","41.1","660.0","-124.0"
"367","Joey Votto","TOR","1B ","591","279","384","357.2","28.2","521.0","-70.0"
"368","Avisail Garcia","MIA","LF,RF","720","255","419","355.0","35.0","792.0","+72.0"
"369","Richie Palacios","TB","LF,CF","746","267","458","364.2","60.8","634.0","-112.0"
"370","Brandon Crawford","STL","SS","867","290","427","360.0","50.9","643.0","-224.0"
"371","Nick Gordon","MIA","2B,LF,CF","676","324","409","362.7","27.8","555.0","-121.0"
"372","Jose Miranda","MIN","3B","503","169","455","374.6","44.5","600.0","+97.0"
"373","Mike Ford","CIN","1B ","","256","524","406.2","104.8","",""
"374","Justin Foscue","TEX","1B,2B,3B","575","262","459","359.5","73.8","688.0","+113.0"
"375","Alec Burleson","STL","1B,LF,RF","674","316","433","367.8","38.3","627.0","-47.0"
"376","Jose Azocar","SD","CF,RF","735","300","368","355.6","14.8","806.0","+71.0"
"377","Andy Ibanez","DET","2B,3B,LF,RF","713","344","403","364.8","18.5","715.0","+2.0"
"378","Trevor Larnach","MIN","LF,RF","761","326","440","374.5","40.7","861.0","+100.0"
"379","Martin Maldonado","CWS","C","678","318","380","348.3","24.8","547.0","-131.0"
"380","Robbie Grossman","","LF,RF ","887","295","467","382.6","65.7","944.0","+57.0"
"381","Vidal Brujan","MIA","2B","774","281","498","382.8","63.2","713.0","-61.0"
"382","Ramon Urias","BAL","1B,2B,3B","731","295","432","374.3","40.6","723.0","-8.0"
"383","DJ Stewart","NYM","RF","718","328","414","370.0","30.4","678.0","-40.0"
"384","Jonny DeLuca","TB","CF","729","305","397","360.4","29.9","631.0","-98.0"
"385","Matt Thaiss","LAA","C","728","342","404","363.2","21.9","739.0","+11.0"
"386","Joey Loperfido","HOU","OF ","815","225","444","354.3","93.7","814.0","-1.0"
"387","Rob Refsnyder","BOS","LF,CF","","296","389","339.3","38.2","",""
"388","Luken Baker","STL","1B","529","227","570","436.8","122.8","791.0","+262.0"
"389","Kevin Pillar","CWS","LF,RF ","","303","526","390.8","88.3","",""
"390","Nick Madrigal","CHC","2B,3B","748","293","473","385.0","47.6","672.0","-76.0"
"391","Luke Maile","CIN","C","845","328","443","384.2","43.2","855.0","+10.0"
"392","David Peralta","CHC","LF,RF ","","331","511","388.8","65.2","",""
"393","Thomas Saggese","STL","2B ","809","251","581","435.2","119.7","703.0","-106.0"
"394","Elvis Andrus","ARI","2B,SS ","764","318","481","389.3","47.5","567.0","-197.0"
"395","Cade Marlowe","SEA","LF","","255","509","423.0","99.6","847.0",""
"396","Miguel Andujar","OAK","RF","672","314","401","374.0","14.5","716.0","+44.0"
"397","Nick Gonzales","PIT","2B,SS","569","266","450","391.4","65.7","864.0","+295.0"
"398","Jacob Young","WSH","CF","673","323","529","406.8","66.8","709.0","+36.0"
"399","Evan Longoria","","3B ","","320","517","399.0","78.3","",""
"400","Reese McGuire","BOS","C","750","329","420","376.6","32.7","820.0","+70.0"
"401","Jakob Marsee","SD","OF ","751","295","407","372.8","21.8","679.0","-72.0"
"402","Max Stassi","CWS","C","736","336","397","364.3","23.3","704.0","-32.0"
"403","Ronny Mauricio","NYM","2B,3B ","","268","656","489.5","142.7","602.0",""
"404","Jordan Beck","COL","OF ","","270","737","503.5","233.5","",""
"405","Jordan Diaz","OAK","1B,2B,3B ","671","321","420","382.5","32.3","508.0","-163.0"
"406","AJ Pollock","","LF,CF,RF ","739","313","488","409.6","69.4","",""
"407","Edmundo Sosa","PHI","3B,SS","850","322","425","378.2","33.7","917.0","+67.0"
"408","Donovan Solano","","1B,2B,3B ","760","326","450","390.0","34.8","815.0","+55.0"
"409","Andruw Monasterio","MIL","2B,3B,SS","743","355","415","380.2","20.0","639.0","-104.0"
"410","Josh Donaldson","","3B ","","292","738","465.6","150.1","",""
"411","Tony Kemp","CIN","2B,LF ","883","299","500","410.0","67.5","670.0","-213.0"
"412","Daniel Vogelbach","TOR","OF ","","284","519","450.0","97.2","629.0",""
"413","Stuart Fairchild","CIN","LF,CF,RF","","300","537","406.8","85.2","",""
"414","Korey Lee","CWS","C","665","317","429","387.8","40.7","714.0","+49.0"
"415","Orelvis Martinez","TOR","2B,3B,SS ","723","319","520","399.8","56.1","515.0","-208.0"
"416","Michael Toglia","COL","1B,RF","618","294","531","452.6","83.7","",""
"417","Kolten Wong","BAL","2B ","","321","516","414.8","74.9","698.0",""
"418","Omar Narvaez","NYM","C","770","340","469","389.3","48.1","794.0","+24.0"
"419","Santiago Espinal","TOR","2B,3B,SS","733","347","486","403.3","47.7","874.0","+141.0"
"420","Oswaldo Cabrera","NYY","2B,3B,SS,LF,RF","695","317","451","409.3","46.0","746.0","+51.0"
"421","Emmanuel Rivera","ARI","1B,3B","742","342","476","397.4","47.8","708.0","-34.0"
"422","Matt Shaw","CHC","SS ","699","334","516","430.8","82.9","620.0","-79.0"
"423","Dairon Blanco","KC","LF,CF,RF","688","337","465","400.6","46.0","731.0","+43.0"
"424","Eric Haase","MIL","C,LF","712","337","466","396.2","42.8","583.0","-129.0"
"425","Andrew Knizner","TEX","C","773","337","406","381.8","26.2","729.0","-44.0"
"426","Matt Carpenter","STL","1B","","334","530","429.0","70.2","675.0",""
"427","James McCann","BAL","C","737","316","407","382.0","19.6","718.0","-19.0"
"428","Everson Pereira","NYY","LF","658","313","586","467.8","91.2","744.0","+86.0"
"429","Deyvison De Los Santos","CLE","1B,3B","842","313","449","408.6","49.1","782.0","-60.0"
"430","Romy Gonzalez","BOS","2B","","314","517","459.3","84.3","",""
"431","Jace Jung","DET","2B ","697","339","675","470.6","129.1","726.0","+29.0"
"432","Nick Pratto","KC","1B,LF","570","267","433","389.4","26.8","529.0","-41.0"
"433","Jean Segura","","2B,3B ","","365","514","410.6","56.1","",""
"434","Sam Huff","TEX","C ","800","335","412","385.6","27.0","717.0","-83.0"
"435","Abraham Toro","OAK","2B,3B","787","338","409","384.4","13.9","546.0","-241.0"
"436","Alexander Canario","CHC","OF","710","343","554","441.8","71.7","779.0","+69.0"
"437","Luisangel Acuna","NYM","2B,SS ","744","361","662","462.0","141.4","522.0","-222.0"
"438","Casey Schmitt","SF","2B,3B,SS","708","342","533","429.8","66.6","725.0","+17.0"
"439","Jace Peterson","ARI","2B,3B","753","360","462","412.0","41.7","891.0","+138.0"
"440","Miguel Rojas","LAD","SS","752","363","455","401.8","33.2","623.0","-129.0"
"441","Garrett Hampson","KC","2B,SS,LF,CF,RF","781","369","410","389.3","15.1","763.0","-18.0"
"442","Jacob Stallings","COL","C","805","357","410","384.5","18.9","842.0","+37.0"
"443","Travis Jankowski","TEX","LF,CF,RF","844","336","430","402.3","38.5","692.0","-152.0"
"444","Enmanuel Valdez","BOS","2B","812","270","428","392.0","22.7","538.0","-274.0"
"445","Owen Miller","MIL","1B,2B,3B","747","352","421","397.4","24.6","570.0","-177.0"
"446","Riley Adams","WSH","C","796","354","409","386.8","21.3","835.0","+39.0"
"447","Raimel Tapia","","LF,CF,RF ","","352","531","431.0","68.4","",""
"448","Nick Loftin","KC","2B","709","343","515","443.8","66.2","705.0","-4.0"
"449","Jake Cave","PHI","1B,LF,RF","","344","507","449.0","74.4","691.0",""
"450","Wil Myers","","1B,LF,RF ","","345","638","491.8","110.4","",""
"451","Marcelo Mayer","BOS","SS ","714","345","452","409.3","46.3","824.0","+110.0"
"452","Lenyn Sosa","CWS","2B,3B ","734","355","487","412.2","41.8","",""
"453","Bobby Dalbec","BOS","1B","756","277","490","411.7","39.6","659.0","-97.0"
"454","Brian Anderson","SEA","3B,LF,RF ","","358","504","434.8","62.9","930.0",""
"455","Dominic Smith","CHC","1B ","803","257","479","417.0","43.7","770.0","-33.0"
"456","Andy Pages","LAD","OF ","740","354","651","502.5","148.5","859.0","+119.0"
"457","Francisco Mejia","TB","C ","","374","491","419.3","48.0","896.0",""
"458","Dylan Moore","SEA","2B,SS,LF","826","248","416","394.6","14.4","802.0","-24.0"
"459","Austin Barnes","LAD","C","904","359","458","405.3","40.7","661.0","-243.0"
"460","Alex Jackson","TB","C ","","362","541","445.7","73.5","",""
"461","Aledmys Diaz","OAK","1B,2B,3B,SS,LF","834","362","449","409.8","29.2","796.0","-38.0"
"462","Alex Call","WSH","LF,CF,RF","","383","504","433.2","57.5","925.0",""
"463","Brennen Davis","CHC","OF ","762","370","701","522.0","136.5","",""
"464","Josh H. Smith","TEX","3B,SS,LF","767","372","496","443.3","45.5","666.0","-101.0"
"465","Ben Rice","NYY","C ","789","376","393","384.5","8.5","789.0","-"
"466","Samad Taylor","SEA","2B,LF","783","373","630","483.0","97.7","657.0","-126.0"
"467","Joey Wendle","NYM","SS","870","375","475","422.6","33.0","885.0","+15.0"
"468","Roman Anthony","BOS","OF ","790","379","718","559.3","139.2","868.0","+78.0"
"469","Yuli Gurriel","","1B ","","379","518","452.8","57.9","",""
"470","Cristian Pache","PHI","LF,CF","777","379","508","450.0","50.8","",""
"471","David Fry","CLE","C,1B,RF","","380","423","401.5","21.5","694.0",""
"472","Brady House","WSH","3B,SS ","795","382","635","524.0","103.9","876.0","+81.0"
"473","Carter Kieboom","WSH","3B ","749","361","466","426.2","30.3","784.0","+35.0"
"474","Jared Walsh","TEX","1B,RF ","824","387","499","430.3","49.1","",""
"475","Eduardo Escobar","TOR","2B,3B ","846","390","508","463.0","48.0","702.0","-144.0"
"476","Miguel Sano","LAA","1B ","807","390","498","442.3","44.2","886.0","+79.0"
"477","Adael Amador","COL","2B,SS ","810","391","641","497.3","105.4","833.0","+23.0"
"478","Tyler Freeman","CLE","2B,3B,SS","884","392","484","435.8","31.0","569.0","-315.0"
"479","Jeferson Quero","MIL","C ","811","392","474","437.0","34.0","783.0","-28.0"
"480","Garrett Stubbs","PHI","C","","392","413","402.5","10.5","707.0",""
"481","Jake Alu","WSH","2B,LF ","855","393","543","446.5","57.2","875.0","+20.0"
"482","Sam Hilliard","COL","CF","","394","509","438.7","50.3","701.0",""
"483","Trey Mancini","MIA","1B,LF,RF ","825","395","639","470.2","88.1","689.0","-136.0"
"484","Juan Yepez","WSH","1B,LF,RF ","814","395","572","482.0","75.8","798.0","-16.0"
"485","Cal Mitchell","SD","RF ","","395","555","487.0","67.5","",""
"486","Seby Zavala","SEA","C","","395","426","410.5","15.5","",""
"487","Mike Zunino","","C ","","396","739","567.5","171.5","",""
"488","Otto Lopez","SF","SS","","396","604","497.0","85.0","",""
"489","Corey Julks","HOU","LF","730","352","506","458.6","41.8","668.0","-62.0"
"490","Austin Hedges","CLE","C","863","398","426","407.7","13.0","695.0","-168.0"
"491","Graham Pauley","SD","3B ","840","402","520","446.0","52.6","819.0","-21.0"
"492","Zac Veen","COL","OF ","819","402","436","419.0","17.0","797.0","-22.0"
"493","Austin Martin","MIN","2B,SS ","821","404","677","538.3","111.5","826.0","+5.0"
"494","Connor Norby","BAL","2B ","822","405","678","516.5","104.8","706.0","-116.0"
"495","Mike Moustakas","CWS","1B,3B ","848","406","513","456.3","43.8","654.0","-194.0"
"496","Tyler Naquin","","LF,RF ","","408","596","502.0","94.0","",""
"497","Troy Johnston","MIA","1B ","829","408","565","487.8","55.9","801.0","-28.0"
"498","Joey Bart","SF","C","872","409","460","434.7","20.8","837.0","-35.0"
"499","Nick Allen","OAK","SS","","410","538","457.7","57.1","899.0",""
"500","Nick Maton","BAL","2B,3B","","411","593","521.3","71.2","",""
"501","Eguy Rosario","SD","3B","831","411","512","465.0","41.5","860.0","+29.0"
"502","Tucker Barnhart","ARI","C ","909","411","464","441.0","22.2","",""
"503","Ryan Bliss","SEA","2B,SS ","835","412","573","500.0","69.5","773.0","-62.0"
"504","Kole Calhoun","","1B,LF,RF ","","413","520","463.5","39.3","",""
"505","Trey Cabbage","HOU","1B","837","414","580","496.8","69.8","821.0","-16.0"
"506","Ildemaro Vargas","WSH","2B,3B,SS,LF","","414","513","444.0","40.1","",""
"507","Jacob Melton","HOU","OF ","836","414","470","442.0","28.0","",""
"508","Austin Wynns","CIN","C ","","415","441","428.0","13.0","",""
"509","Harold Castro","","1B,2B,3B,SS,CF ","","416","449","432.5","16.5","",""
"510","Coco Montes","COL","2B ","839","417","690","521.3","120.4","",""
"511","Corey Dickerson","","LF,RF ","","417","539","470.0","52.2","",""
"512","Jonathan Schoop","","2B,3B ","","418","534","479.5","49.5","",""
"513","Jason Delay","PIT","C","886","419","457","438.3","15.5","",""
"514","Brett Sullivan","SD","C","","420","547","478.3","52.4","",""
"515","Jacob Amaya","MIA","OF ","","423","668","541.5","86.7","",""
"516","Weston Wilson","PHI","OF","847","423","623","523.0","100.0","",""
"517","Austin Nola","KC","C","","423","455","439.0","16.0","685.0",""
"518","Alan Trejo","COL","2B,3B,SS ","859","424","479","448.0","19.8","",""
"519","Keston Hiura","DET","1B,2B ","857","425","536","463.0","51.6","869.0","+12.0"
"520","Braden Shewmake","CWS","SS","852","426","514","469.0","36.0","931.0","+79.0"
"521","Jose Herrera","ARI","C","912","427","474","457.0","21.3","",""
"522","Manny Pina","","C ","","428","545","476.3","49.9","",""
"523","Jon Singleton","HOU","1B","858","429","524","474.8","33.6","",""
"524","Curt Casali","MIA","C ","","430","478","454.0","24.0","",""
"525","Drew Romo","COL","C ","874","431","544","469.0","53.0","",""
"526","Roberto Perez","BOS","C ","","431","463","447.0","16.0","",""
"527","Chadwick Tromp","ATL","C ","876","432","485","462.0","22.2","",""
"528","Jacob Hurtubise","CIN","OF ","869","433","688","581.7","108.3","",""
"529","Kyle Stowers","BAL","RF","880","434","558","508.3","53.5","",""
"530","Drew Millas","WSH","C","","435","482","458.5","23.5","",""
"531","Ernie Clement","TOR","2B,SS","882","437","579","518.3","59.8","",""
"532","Nick Ahmed","SF","SS ","889","438","444","442.0","2.8","",""
"533","Ben Rortvedt","NYY","C","","442","462","452.0","10.0","",""
"534","Carlos Perez","OAK","C,1B ","","443","535","489.0","46.0","",""
"535","Rafael Marchan","PHI","C","","447","627","537.0","90.0","",""
"536","Matthew Batten","SD","2B,3B ","893","447","530","474.7","39.1","895.0","+2.0"
"537","Spencer Horwitz","TOR","1B","899","451","544","507.7","40.6","867.0","-32.0"
"538","Tyler Heineman","BOS","C","","451","488","469.5","18.5","",""
"539","Sam Haggerty","SEA","2B,LF","","452","464","458.0","6.0","700.0",""
"540","Ali Sanchez","PIT","C","","453","630","541.5","88.5","",""
"541","David Fletcher","ATL","2B,SS ","900","453","512","491.3","27.1","",""
"542","Blake Dunn","CIN","OF ","897","453","456","454.5","1.5","",""
"543","Luis Guillorme","ATL","2B,3B","901","454","583","520.0","52.7","",""
"544","Rob Brantly","TB","C ","","458","592","525.0","67.0","",""
"545","Pedro Pages","STL","C","","459","619","539.0","80.0","",""
"546","Forrest Wall","ATL","OF","905","459","499","483.3","17.4","",""
"547","Osleivis Basabe","TB","3B,SS","907","461","652","553.0","78.1","805.0","-102.0"
"548","Dillon Dingler","DET","C ","","461","615","538.0","77.0","",""
"549","Oliver Dunn","MIL","2B,3B","908","462","693","591.0","96.2","",""
"550","Tyler Gentry","KC","OF ","","465","568","516.5","51.5","",""
"551","Michael Perez","BAL","C ","","466","501","483.5","17.5","",""
"552","Jair Camargo","MIN","C ","","468","622","545.0","77.0","950.0",""
"553","Pablo Reyes","BOS","2B,SS","911","471","531","494.7","26.1","809.0","-102.0"
"554","Cesar Salazar","HOU","C","","472","483","477.5","5.5","",""
"555","Taylor Trammell","SEA","LF","","473","550","511.5","38.5","",""
"556","Hanser Alberto","","2B,3B ","","476","556","516.0","40.0","",""
"557","Jorge Alfaro","CHC","C ","","477","593","537.7","47.5","",""
"558","Rougned Odor","","2B,RF ","","478","542","510.0","32.0","",""
"559","Brian Serven","TOR","C ","","480","493","486.5","6.5","",""
"560","Addison Barger","TOR","3B,SS ","","481","627","559.0","60.0","857.0",""
"561","Kyle Lewis","","OF ","","481","600","534.0","49.4","",""
"562","Brad Miller","SD","3B,LF ","","486","598","542.0","56.0","",""
"563","Hunter Feduccia","LAD","C ","","488","634","561.0","73.0","955.0",""
"564","Miles Mastrobuoni","CHC","2B,3B,RF","","490","547","518.5","28.5","924.0",""
"565","Kyle McCann","OAK","C ","","493","625","559.0","66.0","",""
"566","Michael Stefanic","LAA","2B,3B","","493","545","522.7","21.9","",""
"567","Luke Voit","NYM","1B ","","495","527","514.3","13.9","",""
"568","Pedro Leon","HOU","OF ","","497","714","605.5","108.5","920.0",""
"569","Wade Meckler","SF","CF ","","497","553","525.0","28.0","",""
"570","Darin Ruf","","1B,LF,RF ","","500","619","559.5","59.5","",""
"571","Tommy La Stella","","OF ","","502","612","557.0","55.0","",""
"572","Jordan Luplow","","LF,RF ","","503","535","519.0","16.0","",""
"573","Blake Perkins","MIL","LF,CF,RF","","504","595","549.5","45.5","",""
"574","Rece Hinds","CIN","OF ","","505","703","594.7","81.9","",""
"575","Kyren Paris","LAA","SS ","","506","601","556.3","39.0","",""
"576","Oscar Mercado","SD","LF,RF ","","507","548","527.5","20.5","",""
"577","Brett Wisely","SF","2B,CF ","","510","622","566.0","56.0","",""
"578","Nathan Lukes","TOR","RF","","510","578","543.0","27.8","",""
"579","Kenedy Corona","HOU","OF ","","514","676","595.0","81.0","",""
"580","Evan White","LAA","1B ","","517","617","567.0","50.0","",""
"581","Tucupita Marcano","SD","2B,SS","","519","542","530.5","11.5","",""
"582","Nasim Nunez","WSH","2B,SS","","519","524","521.5","2.5","",""
"583","Zach Remillard","CWS","2B,3B ","","522","585","549.0","26.5","",""
"584","Jose Barrero","TEX","SS,CF","","522","572","547.0","25.0","841.0",""
"585","Danny Mendick","CWS","2B,3B,SS ","","525","605","565.0","40.0","",""
"586","Canaan Smith-Njigba","PIT","RF ","","525","592","559.0","27.4","772.0",""
"587","Nathan Martorella","SD","1B ","","526","628","577.0","51.0","",""
"588","Alika Williams","PIT","SS","","527","684","605.5","78.5","",""
"589","Josh Harrison","CIN","2B,3B ","","528","598","552.7","32.1","",""
"590","Kevin Newman","ARI","1B,2B,3B,SS ","","528","536","532.0","3.3","",""
"591","George Valera","CLE","RF ","","529","632","580.5","51.5","904.0",""
"592","Pavin Smith","ARI","1B,RF","","532","538","535.0","3.0","",""
"593","Kevin Smith","NYY","3B,SS ","","533","575","554.0","21.0","",""
"594","Nick Martini","CIN","LF","","534","558","546.0","12.0","",""
"595","Ryan McKenna","BAL","LF,CF,RF","","535","576","555.5","20.5","",""
"596","Jackie Bradley Jr.","","CF,RF ","","538","597","567.5","29.5","",""
"597","Hunter Dozier","LAA","1B,3B,LF,RF ","","540","640","582.3","42.2","",""
"598","Rodolfo Castro","PHI","2B,3B,SS","","540","594","567.0","27.0","",""
"599","Jose Fermin","STL","2B,3B","","542","665","603.5","61.5","",""
"600","Jonathan Davis","MIA","CF ","","543","607","564.7","29.9","",""
"601","David Villar","SF","2B,3B","","545","588","566.5","21.5","",""
"602","Tyler Fitzgerald","SF","SS,CF","","547","666","606.5","59.5","882.0",""
"603","Jake Marisnick","LAA","LF,CF ","","549","640","594.5","45.5","",""
"604","Kody Clemens","PHI","1B","","552","563","557.5","5.5","",""
"605","Blaze Alexander","ARI","2B,SS","","553","599","576.0","23.0","",""
"606","Alfonso Rivas","STL","1B","","554","616","585.0","31.0","",""
"607","Willie Calhoun","LAA","RF ","","555","569","562.0","7.0","",""
"608","Brett Harris","OAK","3B ","","559","653","606.0","47.0","",""
"609","Dane Myers","MIA","CF","","560","586","573.0","13.0","",""
"610","Bubba Thompson","CIN","LF ","","561","610","585.5","24.5","",""
"611","Grae Kessinger","HOU","OF","","564","615","589.5","25.5","",""
"612","Jared Young","STL","1B","","565","613","589.0","24.0","",""
"613","Dustin Harris","TEX","1B ","","566","705","635.5","69.5","938.0",""
"614","Trayce Thompson","NYM","LF,CF,RF ","","566","584","575.0","9.0","",""
"615","Zach DeLoach","CWS","OF ","","567","629","598.0","31.0","949.0",""
"616","Aaron Schunk","COL","3B ","","570","650","610.0","40.0","",""
"617","Ben Gamel","NYM","1B,LF,RF ","","571","621","596.0","25.0","",""
"618","Jonah Bride","MIA","3B ","","571","587","579.0","8.0","",""
"619","Mike Brosseau","KC","3B ","","573","620","596.5","23.5","",""
"620","Johnathan Rodriguez","CLE","OF ","","574","674","624.0","50.0","",""
"621","Darick Hall","PHI","1B","","575","584","579.5","4.5","",""
"622","Max Schuemann","OAK","OF ","","577","736","656.5","79.5","",""
"623","Zack Short","NYM","2B,3B,SS","","578","594","586.0","8.0","",""
"624","Ryan Kreidler","DET","OF","","580","634","607.0","27.0","",""
"625","Jonathan Ornelas","TEX","OF ","","583","672","627.5","44.5","",""
"626","Tirso Ornelas","SD","RF ","","585","657","621.0","36.0","",""
"627","Julio Carreras","COL","SS ","","587","638","612.5","25.5","",""
"628","TJ Hopkins","DET","OF ","","588","673","630.5","42.5","",""
"629","Jose Iglesias","NYM","SS ","","589","694","641.5","52.5","",""
"630","Tyler Nevin","BAL","1B,3B","","589","613","601.0","12.0","",""
"631","David Dahl","PHI","LF ","","590","727","658.5","68.5","",""
"632","Ehire Adrianza","LAA","2B,3B ","","591","700","645.5","54.5","",""
"633","Cooper Hummel","SF","OF ","","595","702","648.5","53.5","",""
"634","Jake Lamb","PIT","1B,LF ","","596","624","610.0","14.0","",""
"635","Lazaro Armenteros","OAK","OF ","","597","704","650.5","53.5","",""
"636","Jose Tena","CLE","SS","","599","659","629.0","30.0","",""
"637","Jorge Barrosa","ARI","OF ","","600","699","649.5","49.5","",""
"638","Michael Siani","STL","OF","","601","644","622.5","21.5","",""
"639","Vinny Capra","MIL","OF","","602","660","631.0","29.0","",""
"640","Jimmy Herron","COL","CF ","","602","626","614.0","12.0","",""
"641","Austin Shenton","TB","1B,3B ","","603","661","632.0","29.0","926.0",""
"642","Leury Garcia","ATL","2B,3B,SS,LF,RF ","","603","604","603.5","0.5","",""
"643","Andre Lipcius","LAD","3B ","","605","639","622.0","17.0","",""
"644","Jordan Groshans","NYY","3B ","","606","643","624.5","18.5","",""
"645","Yunior Severino","MIN","1B,2B,3B ","","607","691","649.0","42.0","",""
"646","David Hensley","HOU","2B","","608","664","636.0","28.0","",""
"647","David Hamilton","BOS","SS","","609","669","639.0","30.0","",""
"648","Gilberto Celestino","PIT","LF,CF,RF ","","610","692","651.0","41.0","",""
"649","Heliot Ramos","SF","LF,RF ","","612","645","628.5","16.5","",""
"650","Peyton Burdick","CWS","RF ","","614","681","647.5","33.5","",""
"651","Livan Soto","LAA","SS","","617","707","662.0","45.0","",""
"652","Diego Castillo","BAL","2B,SS ","","620","631","625.5","5.5","",""
"653","Daz Cameron","OAK","CF,RF ","","629","735","682.0","53.0","",""
"654","Logan Davidson","OAK","SS ","","632","741","686.5","54.5","",""
""
""